Abilene, TX                                
Akron, OH                                  
Albany, GA                                 
Albany, NY                            
Troy, NY                            
Albuquerque, NM                            
Alexandria, LA                             
Allentown,PA
Allentown,NJ
Bethlehem,PA
Bethlehem,NJ
Alton, IL                    
 Granite City, IL                    
Altoona, PA                                
Amarillo, TX                               
Anaheim, CA                      
Santa Ana, CA                      
Anchorage, AK                              
Anderson, IN                               
Anderson, SC                               
Ann Arbor, MI                              
Anniston, AL                               
Appleton, WI                
Neenah, WI                
Oshkosh, WI                
Asheville, NC                              
Athens, GA                                 
Atlanta, GA                                
Atlantic City, NJ                          
Augusta,GA
Augusta,SC
Aurora, IL                           
Elgin, IL                           
Austin, TX                                 
Bakersfield, CA                            
Baltimore, MD                              
Bangor, ME                                 
Baton Rouge, LA                            
Battle Creek, MI                           
Beaumont, TX                   
Port Arthur, TX                   
Beaver County, PA                          
Bellingham, WA                             
Benton Harbor, MI                          
Bergen, NJ                         
Passaic, NJ                         
Billings, MT                               
Biloxi, MS                        
Gulfport, MS                        
Binghampton, NY                            
Birmingham, AL                             
Bismarck, ND                               
Bloomington, IN                            
Bloomington, IL                     
Normal, IL                     
Boise City, ID                             
Boston, MA                                 
Boulder, CO                       
Longmont, CO                       
Bradenton, FL                              
Brazoria, TX                               
Bremerton, WA                              
Bridgeport, CT                     
Milford, CT                     
Bristol, CT                                
Brockton, MA                               
Brownsville, TX                 
Harlington, TX                 
Bryan, TX                  
College Station, TX                  
Buffalo, NY                                
Burlington, NC                             
Burlington, VT                             
Canton, OH                                 
Casper, WY                                 
Cedar Rapids, IA                           
Champaign, IL               
Urbana, IL               
Rantoul, IL               
Charleston, SC                             
Charleston, WV                             
Charlotte,NC
Charlotte,SC
Gastonia,NC
Gastonia,SC
Rock Hill,NC
Rock Hill,SC
Charlottesville, VA                        
Chattanooga, TN
Chattanooga,GA
Chicago, IL                                
Chico, CA                                  
Cincinnati, OH
Cincinnati,KY
Cincinnati,IN 
Clarksville,TN
Hopkinsville,TN
Clarksville,KY
Hopkinsville,KY
Cleveland, OH                              
Colorado Springs, CO                       
Columbia, MO                               
Columbia, SC                               
Columbus, GA
Columbus,AL
Columbus, OH                               
Corpus Christi, TX                         
Cumberland, MD            
Cumberland,WV
Dallas, TX                                 
Danbury, CT                                
Danville, VA                               
Davenport, IA
Rock Island, IA
Moline, IA
Davenport,IL
Rock Island,IL
Moline,IL
Dayton, OH                     
Springfield, OH                     
Daytona Beach, FL                          
Decatur, IL                                
Denver, CO                                 
Des Moines, IA                             
Detroit, MI                                
Dothgan, AL                                
Dubuque, IA                                
Duluth, MN                              
Duluth,WI
East St. Louis, IL              
Belleville, IL              
Eau Claire, WI                             
El Paso, TX                                
Elkhart, IN                         
Goshen, IN                         
Elmira, NY                                 
Enid, OK                                   
Erie, PA                                   
Eugene, OR                     
Springfield, OR                     
Evansville, IN                          
Evansville,KY
Fall River, MA                          
Fall River,RI
Fargo, ND                      
Moorhead, ND                      
Fargo,MN
Moorhead,MN
Fayetteville, NC                           
Fayetteville, AR                           
Fitchburg, MA                   
Leominster, MA                   
Flint, MI                                  
Florence, AL                               
Florence, SC                               
Fort Collins, CO                  
Loveland, CO                  
Fort Lauderdale, FL
Hollywood, FL
Pompano Beach, FL
Fort Myers, FL                             
Fort Pierce, FL                            
Fort Smith, AR                          
Fort Smith,OK
Fort Walton Beach, FL                      
Fort Wayne, IN                             
Fort Worth, TX                   
Arlington, TX                   
Fresno, CA                                 
Gadsden, AL                                
Gainesville, FL                            
Galveston, TX                   
Texas City, TX                   
Gary, IN                           
Hammond, IN                           
Glens Falls, NY                            
Grand Forks, ND                            
Grand Rapids, MI                           
Great Falls, MT                            
Greeley, CO                                
Green Bay, WI                              
Greensboro, NC    
Winston, NC    
Salem, NC    
High Point, NC    
Greenville, SC                 
Spartanburg, SC                 
Hagerstown, MD                             
Hamilton, OH                    
Middletown, OH                    
Harrisburg, PA            
Lebanon, PA            
Carlisle, PA            
Hartford, CT                               
Hickory, NC                                
Honolulu, HI                               
Houma, LA                        
Thibodaux, LA                        
Houston, TX                                
Huntington, WV              
Ashland, WV              
Huntington,KY
Ashland,KY
Huntington,OH 
Ashland,OH 
Huntsville, AL                             
Indianapolis, IN                           
Iowa City, IA                              
Jackson, MI                                
Jackson, MS                                
Jacksonville, FL                           
Jacksonville, NC                           
Janesville, WI                      
Beloit, WI                      
Jersey City, NJ                            
Johnson City, TN      
Kingsport, TN      
Bristol, TN      
Johnson City,VA
Kingsport,VA
Bristol,VA
Johnstown, PA                              
Joliet, IL                                 
Joplin, MO                                 
Kalamazoo, MI                              
Kankakee, IL                               
Kansas City, KS                            
Kansas City, MO                            
Kenosha, WI                                
Kileen, TX                          
Temple, TX                          
Knoxville, TN                              
Kokomo, IN                                 
La Crosse, WI                              
Lafayette, IN                              
Lafayette, LA                              
Lake Charles, LA                           
Lake County, IL                            
Lakeland, FL                  
Winter Haven, FL                  
Lancaster, PA                              
Lansing, MI                   
East Lansing, MI                   
Laredo, TX                                 
Las Cruces, NM                             
Las Vegas, NV                              
Lawrence, KS                               
Lawrence, MA                  
Haverhill, MA                  
Lawrence,NH
Haverhill,NH
Lawton, OK                                 
Lewiston, ME                        
Auburn, ME                        
Lexington, KY                      
Fayette, KY                      
Lima, OH                                   
Lincoln, NE                                
Little Rock, AR         
 North Little Rock, AR         
Longview, TX                      
Marshall, TX                      
Lorain, OH                          
Elyria, OH                          
Los Angeles, CA                
 Long Beach, CA                
Louisville, KY                          
Louisville,IN
Lowell, MA                              
Lowell,NH
Lubbock, TX                                
Lynchburg, VA                              
Macon, GA                  
 Warner Robbins, GA                  
Madison, WI                                
Manchester, NH                             
Mansfield, OH                              
McAllen, TX               
Edinburg, TX               
Mission, TX               
Medford, OR                                
Melbourne, FL          
Titusville, FL          
Palm Bay, FL          
Memphis, TN                          
Memphis,AR
Memphis,MS
Miami, FL                          
Hialeah, FL                          
Middlesex, NJ          
Somerset, NJ          
 Hunterdon, NJ          
Middletown, CT                             
Midland, TX                                
Milwaukee, WI                              
Minneapolis, MN                
St. Paul, MN                
Minneapolis,WI
St. Paul,WI
Mobile, AL                                 
Modesto, CA                                
Monmouth, NJ                         
Ocean, NJ                         
Monroe, LA                                 
Montgomery, AL                             
Muncie, IN                                 
Muskegon, MI                               
Nashua, NH                                 
Nashville, TN                              
Nassua, NY                         
Suffolk, NY                         
New Bedsford, MA                           
New Britain, CT                            
New Haven, CT                      
Meriden, CT                      
New London, CT                      
Norwich, CT                      
New London,RI
Norwich,RI
New Orleans, LA                            
New York, NY                               
Newark, NJ                                 
Niagara Falls, NY                          
Norfolk, VA    
Virginia Beach, VA    
Newport News, VA    
Norwalk, CT                                
Oakland, CA                                
Ocala, FL                                  
Odessa, TX                                 
Oklahoma City, OK                          
Olympia, WA                                
Omaha,NE
Omaha,IA
Orange County, NY                          
Orlando, FL                                
Owensboro, KY                              
Oxnard, CA                         
Ventura, CA                         
Panama City, FL                            
Parkerburg,WV
Marietta,WV
Parkerburg,OH
Marietta,OH
Pascagoula, MS                             
Pawtucket, RI      
Woonsocket, RI      
Attleboro, RI      
Pawtucket,MA
Woonsocket,MA
Attleboro,MA
Pensacola, FL                              
Peoria, IL                                 
Philadelphia, PA          
Philadelphia,NJ
Phoenix, AZ                                
Pine Bluff, AR                             
Pittsburgh, PA                             
Pittsfield, MA                             
Portland, ME                               
Portland, OR                               
Portsmouth, NH          
Dover, NH          
Rochester, NH          
Portsmouth,ME
Dover,ME
Rochester,ME
Poughkeepsie, NY                           
Providence, RI                             
Provo, UT                             
Orem, UT                             
Pueblo, CO                                 
Racine, WI                                 
Raleigh, NC                         
Durham, NC                         
Reading, PA                                
Redding, CA                                
Reno, NV                                   
Richland, WA               
Kinnewick, WA               
Pasco, WA               
Richmond, VA                    
Petersburg, VA                    
Riverside, CA               
San Bernardino, CA               
Roanoke, VA                                
Rochester, MN                              
Rochester, NY                              
Rockford, IL                               
Sacramento, CA                             
Saginaw, MI               
Bay City, MI               
Midland, MI               
St. Cloud, MN                              
St. Joseph, MO                             
St. Louis,MO
St. Louis,IL
Salem, OR                                  
Salem, MA                                  
Salinas, CA               
Seaside, CA               
Monterey, CA               
Salt Lake City, UT                   
Ogden, UT                   
San Angelo, TX                             
San Antonio, TX                            
San Diego, CA                              
San Francisco, CA                          
San Jose, CA                               
Santa Barbara, CA       
Santa Maria, CA       
Lompoc, CA       
Santa Cruz, CA                             
Santa Rosa, CA                    
Petaluma, CA                    
Sarasota, FL                               
Savannah, GA                               
Scranton, PA                  
Wilkes Barre, PA                  
Seattle, WA                                
Sharon, PA                                 
Sheboygan, WI                              
Sherman, TX                        
Denison, TX                        
Shreveport, LA                             
Sioux City,IA
Sioux City,NE
Sioux Falls, SD                            
South Bend, IN                   
Mishawaka, IN                   
Spokane, WA                                
Springfield, IL                            
Springfield, MA                            
Springfield, MO                            
Stamford, CT                               
State College, PA                          
Steubenville, OH                
Steubenville,WV
Weirton, OH                
Weirton,WV
Stockton, CA                               
Syracuse, NY                               
Tacoma, WA                                 
Tallahassee, FL                            
Tampa, FL        
St. Petersburg, FL        
Clearwater, FL        
Terre Haute, IN                            
Texarkana,TX
Texarkana, AR                
Toledo, OH                                 
Topeka, KS                                 
Trenton, NJ                                
Tuscon, AZ                                 
Tulsa, OK                                  
Tuscaloosa, AL                             
Tyler, TX                                  
Utica, NY                             
Rome, NY                             
Vallejo, CA                 
Fairfield, CA                 
Napa, CA                 
Vancouver, WA                              
Victoria, TX                               
Vineland, NJ           
Millville, NJ           
Bridgeton, NJ           
Visalia, CA             
Tulare, CA             
Porterville, CA             
Waco, TX                                   
Washington,DC
Washington,MD
Washington,VA
Materbury, CT                              
Waterloo, IA                   
Cedar Falls, IA                   
Wausau, WI                                 
West Palm Beach, FL
Boca Raton, FL
Delray Beach, FL
Wheeling, WV                            
Wheeling,OH
Wichita, KS                                
Wichita Falls, TX                          
Williamsport, PA                           
Wilmington,DE
Wilmington,NJ
Wilmington,MD
Wilmington, NC                             
Worcester, MA                              
Yakima, WA                                 
York, PA                                   
Youngstown, OH                      
Warren, OH                      
Yuba City, CA                              
